{"inputUnits":[63],"outputUnits":6,"inputs":{"0":{"dtype":"number","min":172.86626321700055,"max":300.2209172290328},"1":{"dtype":"number","min":313.84299132435785,"max":364.6767060809936},"2":{"dtype":"number","min":-0.009438328444957733,"max":-0.0003912225365638733},"3":{"dtype":"number","min":200.89246736047855,"max":340.26269107289045},"4":{"dtype":"number","min":281.1665666330505,"max":338.62530526798594},"5":{"dtype":"number","min":-19.14927864074707,"max":6.6345977783203125},"6":{"dtype":"number","min":199.96069347945883,"max":369.7436975273686},"7":{"dtype":"number","min":238.50376128800315,"max":300.7959531488783},"8":{"dtype":"number","min":-28.526081085205078,"max":7.0054545402526855},"9":{"dtype":"number","min":168.00741361719292,"max":391.14070733903066},"10":{"dtype":"number","min":212.04536155701783,"max":276.2668107688448},"11":{"dtype":"number","min":-35.7864990234375,"max":4.415928840637207},"12":{"dtype":"number","min":122.47842191218109,"max":385.3690458809008},"13":{"dtype":"number","min":187.01969204168802,"max":271.57752549839347},"14":{"dtype":"number","min":-40.74095153808594,"max":-0.08515851199626923},"15":{"dtype":"number","min":208.60673425366934,"max":343.1510669611423},"16":{"dtype":"number","min":185.8828871980606,"max":229.45546780702608},"17":{"dtype":"number","min":-15.410066604614258,"max":10.989850997924805},"18":{"dtype":"number","min":214.53344067040982,"max":357.874600000144},"19":{"dtype":"number","min":138.1879722991126,"max":192.4087671733764},"20":{"dtype":"number","min":-21.63850212097168,"max":5.743452548980713},"21":{"dtype":"number","min":211.0060663854265,"max":367.06033291350354},"22":{"dtype":"number","min":97.79660196914949,"max":221.95301387099218},"23":{"dtype":"number","min":-30.838876724243164,"max":3.294010639190674},"24":{"dtype":"number","min":205.86434632318657,"max":373.29697257327274},"25":{"dtype":"number","min":63.46260347325952,"max":251.71417635793148},"26":{"dtype":"number","min":-36.881656646728516,"max":1.9597561359405518},"27":{"dtype":"number","min":175.5860031003687,"max":317.14260912314614},"28":{"dtype":"number","min":180.8207434344925,"max":225.62203450821588},"29":{"dtype":"number","min":-13.649633407592773,"max":5.455697059631348},"30":{"dtype":"number","min":175.56183301952933,"max":332.0517084315598},"31":{"dtype":"number","min":123.00468365042083,"max":168.38670262236138},"32":{"dtype":"number","min":-20.037134170532227,"max":5.759313583374023},"33":{"dtype":"number","min":173.27119872438976,"max":342.1365429634622},"34":{"dtype":"number","min":84.54198913791325,"max":186.0726265184973},"35":{"dtype":"number","min":-26.927873611450195,"max":2.824834108352661},"36":{"dtype":"number","min":168.85391116828185,"max":351.93125062615417},"37":{"dtype":"number","min":46.72874930224232,"max":217.42470414098358},"38":{"dtype":"number","min":-32.305747985839844,"max":0.9459552764892578},"39":{"dtype":"number","min":151.1233661696512,"max":291.0866229943401},"40":{"dtype":"number","min":189.93901899378207,"max":238.1327522208833},"41":{"dtype":"number","min":-17.448183059692383,"max":3.14512038230896},"42":{"dtype":"number","min":137.00355933834,"max":301.8131230808924},"43":{"dtype":"number","min":136.999913653442,"max":211.56197341310806},"44":{"dtype":"number","min":-31.165088653564453,"max":-0.8272236585617065},"45":{"dtype":"number","min":121.61743324533745,"max":314.4085912195795},"46":{"dtype":"number","min":98.55633030755689,"max":251.59516316936606},"47":{"dtype":"number","min":-39.56813430786133,"max":-0.38630685210227966},"48":{"dtype":"number","min":109.54665372828568,"max":339.26968976533},"49":{"dtype":"number","min":60.25659028855475,"max":278.60821498572716},"50":{"dtype":"number","min":-42.41561508178711,"max":0.7606371641159058},"51":{"dtype":"number","min":126.4492857788965,"max":265.4419321775009},"52":{"dtype":"number","min":205.74189473488852,"max":267.256896740456},"53":{"dtype":"number","min":-23.251380920410156,"max":3.041147232055664},"54":{"dtype":"number","min":118.67804968913043,"max":271.48747559283373},"55":{"dtype":"number","min":167.4287685205698,"max":255.88072708440174},"56":{"dtype":"number","min":-37.99195861816406,"max":-2.118907928466797},"57":{"dtype":"number","min":122.7212823559716,"max":281.66153773569494},"58":{"dtype":"number","min":142.29098227209784,"max":279.3832595814521},"59":{"dtype":"number","min":-45.741024017333984,"max":-5.714624881744385},"60":{"dtype":"number","min":123.36318924945789,"max":291.24060916080055},"61":{"dtype":"number","min":116.54925636665165,"max":302.36364337749063},"62":{"dtype":"number","min":-49.30657958984375,"max":-2.7924981117248535}},"outputs":{"0":{"dtype":"string","min":0,"max":1,"uniqueValues":["g","v","a","p","s","w"],"legend":{"g":[1,0,0,0,0,0],"v":[0,1,0,0,0,0],"a":[0,0,1,0,0,0],"p":[0,0,0,1,0,0],"s":[0,0,0,0,1,0],"w":[0,0,0,0,0,1]}}},"isNormalized":true}